"tax_id","emOTU"
713059,"sp339"
2572087,"sp340"
2572088,"sp341"
2572089,"sp1580"
118967,"sp142"
85831,"sp202"
47678,"sp203"
1462569,"sp204"
1411144,"sp205"
1796613,"sp206"
246787,"sp207"
626929,"sp208"
28111,"sp209"
871325,"sp210"
674529,"sp211"
338188,"sp212"
817,"sp213"
1462571,"sp214"
376806,"sp215"
477666,"sp216"
290053,"sp217"
28113,"sp218"
1852362,"sp219"
329854,"sp220"
1841856,"sp221"
291645,"sp222"
626931,"sp223"
28116,"sp224"
691816,"sp225"
291644,"sp226"
2528203,"sp227"
871324,"sp228"
46506,"sp229"
818,"sp230"
1470345,"sp231"
820,"sp232"
371601,"sp233"
1841865,"sp983"
487174,"sp236"
397865,"sp237"
1099853,"sp494"
1605892,"sp557"
45254,"sp558"
156974,"sp559"
637886,"sp560"
163665,"sp561"
294710,"sp1303"
1642647,"sp1304"
1678841,"sp923"
2576606,"sp555"
1796646,"sp1038"
2093856,"sp291"
1472416,"sp292"
1472417,"sp293"
1720203,"sp294"
544644,"sp295"
544645,"sp296"
1841857,"sp507"
626933,"sp1094"
28118,"sp1095"
681398,"sp1146"
185300,"sp1147"
1387297,"sp660"
1686296,"sp700"
1720195,"sp701"
879969,"sp952"
1350067,"sp1016"
501496,"sp1235"
36874,"sp1236"
41976,"sp1237"
29524,"sp1238"
28124,"sp1239"
837,"sp1240"
266762,"sp1241"
1884669,"sp1242"
1583331,"sp1243"
867595,"sp1244"
322095,"sp1245"
281920,"sp1246"
671218,"sp97"
2133944,"sp98"
76122,"sp99"
1841864,"sp974"
1816687,"sp981"
1870999,"sp1002"
454154,"sp1161"
454155,"sp1162"
77768,"sp1247"
419005,"sp1248"
596085,"sp1249"
305719,"sp1250"
28125,"sp1251"
83231,"sp1252"
77095,"sp1253"
28126,"sp1254"
28127,"sp1255"
1703337,"sp1256"
165179,"sp1257"
28128,"sp1258"
52227,"sp1259"
589537,"sp1260"
28129,"sp1261"
28130,"sp1262"
76123,"sp1263"
589436,"sp1264"
470565,"sp1265"
28131,"sp1266"
1177574,"sp1267"
2490854,"sp1268"
840,"sp1269"
439703,"sp1270"
189722,"sp1271"
28132,"sp1272"
189723,"sp1273"
282402,"sp1274"
310514,"sp1275"
425941,"sp1276"
28133,"sp1277"
28134,"sp1278"
28135,"sp1279"
185293,"sp1280"
28136,"sp1281"
60133,"sp1282"
185294,"sp1283"
407975,"sp1284"
839,"sp1285"
633701,"sp1286"
228604,"sp1287"
589437,"sp1288"
228603,"sp1289"
652716,"sp1290"
363265,"sp1291"
386414,"sp1292"
28137,"sp1293"
1852370,"sp1294"
979970,"sp16"
2585118,"sp64"
2585119,"sp65"
214856,"sp66"
1470347,"sp67"
626932,"sp68"
1501391,"sp69"
2364787,"sp70"
328813,"sp71"
28117,"sp72"
1288121,"sp73"
328814,"sp74"
1465754,"sp75"
433338,"sp113"
1871023,"sp1019"
1433126,"sp1034"
28139,"sp1369"
1871003,"sp1616"
871327,"sp1151"
2685834,"sp1152"
823,"sp1153"
328812,"sp1154"
574930,"sp1155"
387661,"sp1156"
46503,"sp1157"
2025876,"sp1158"
28112,"sp1582"
712710,"sp1583"
1640674,"sp1652"
376804,"sp1217"
310298,"sp1218"
387090,"sp1219"
357276,"sp1220"
204516,"sp1221"
732242,"sp1222"
310297,"sp1223"
376805,"sp1224"
671267,"sp1225"
821,"sp1226"
1400053,"sp201"
286730,"sp78"
889453,"sp93"
177400,"sp138"
990,"sp286"
1740245,"sp354"
1166478,"sp355"
1965019,"sp715"
472113,"sp716"
995053,"sp965"
989,"sp969"
682526,"sp1058"
385682,"sp1613"
2305463,"sp966"
1484053,"sp970"
1628158,"sp971"
706566,"sp996"
314319,"sp1295"
1541063,"sp1296"
1610899,"sp1381"
472111,"sp1566"
1168035,"sp1581"
153721,"sp1484"
574963,"sp1646"
1223410,"sp101"
558155,"sp169"
1864862,"sp172"
2094025,"sp181"
1017,"sp343"
45242,"sp344"
45243,"sp345"
327575,"sp346"
1018,"sp347"
209053,"sp348"
1705617,"sp349"
1316593,"sp350"
1019,"sp351"
1397265,"sp385"
78329,"sp477"
2201181,"sp676"
555500,"sp703"
379069,"sp704"
488549,"sp950"
516051,"sp1039"
1854709,"sp1079"
319236,"sp1080"
1476901,"sp1081"
2341043,"sp1082"
1227945,"sp1371"
241145,"sp1400"
270918,"sp1401"
435906,"sp1402"
1729720,"sp1403"
1461338,"sp1427"
1936081,"sp1428"
399943,"sp1564"
1173618,"sp1565"
1397112,"sp1629"
1850246,"sp1631"
398743,"sp1655"
2583587,"sp675"
1679466,"sp162"
2500547,"sp163"
1015,"sp244"
1117645,"sp568"
238,"sp569"
28251,"sp1108"
34085,"sp1368"
336810,"sp342"
496056,"sp161"
2045106,"sp1159"
332977,"sp1160"
1562389,"sp1179"
1307763,"sp799"
172901,"sp1645"
2094242,"sp1644"
760260,"sp1097"
431057,"sp1004"
1548208,"sp372"
1548207,"sp373"
1148786,"sp710"
1848773,"sp914"
1838286,"sp915"
2576891,"sp1071"
107709,"sp1104"
424488,"sp374"
490090,"sp375"
490089,"sp376"
395922,"sp498"
431270,"sp1181"
415223,"sp1182"
415221,"sp1183"
1804625,"sp1382"
1679444,"sp54"
239935,"sp55"
177412,"sp683"
1041767,"sp1003"
767892,"sp338"
209649,"sp665"
272548,"sp28"
544581,"sp29"
461393,"sp30"
1655,"sp31"
544580,"sp32"
1852377,"sp33"
706438,"sp34"
712122,"sp35"
649739,"sp36"
82135,"sp661"
2603327,"sp684"
1660,"sp1409"
131111,"sp1410"
184870,"sp1636"
1680,"sp245"
216816,"sp246"
156978,"sp500"
43768,"sp501"
170994,"sp279"
156979,"sp1314"
1747,"sp509"
33011,"sp510"
1744,"sp1297"
1750,"sp1316"
1547448,"sp1317"
1382,"sp916"
1383,"sp917"
1871022,"sp940"
1299998,"sp1098"
2109685,"sp1099"
712411,"sp1100"
1805478,"sp1101"
133926,"sp1102"
604330,"sp1103"
2003188,"sp1167"
2485926,"sp176"
74426,"sp484"
1907654,"sp485"
147207,"sp486"
147206,"sp487"
626935,"sp488"
1472761,"sp573"
1871019,"sp574"
747645,"sp1168"
1473216,"sp1426"
1531429,"sp499"
446660,"sp38"
394340,"sp170"
79604,"sp519"
84112,"sp563"
1871008,"sp564"
671266,"sp613"
471189,"sp726"
1335613,"sp727"
1852371,"sp1330"
1907662,"sp1331"
572010,"sp1443"
626934,"sp1444"
1002870,"sp702"
758823,"sp1635"
732235,"sp1611"
732234,"sp1612"
1416614,"sp723"
33072,"sp724"
577489,"sp643"
1615909,"sp711"
1617448,"sp712"
1173026,"sp725"
1337936,"sp318"
99598,"sp319"
1165,"sp105"
213767,"sp505"
142864,"sp512"
373994,"sp1370"
64178,"sp481"
132608,"sp1229"
1160,"sp1230"
54306,"sp1231"
59512,"sp1232"
1354360,"sp1233"
54313,"sp1627"
1155739,"sp1030"
482564,"sp1109"
102117,"sp1110"
111781,"sp924"
1209493,"sp745"
59930,"sp511"
110662,"sp1574"
321327,"sp1575"
1827144,"sp1576"
1916956,"sp1577"
182455,"sp56"
392011,"sp57"
471514,"sp58"
204470,"sp59"
90970,"sp60"
1411,"sp79"
225844,"sp80"
1069813,"sp81"
163879,"sp82"
86665,"sp83"
127886,"sp84"
766894,"sp85"
199441,"sp86"
300825,"sp87"
472963,"sp106"
1392,"sp189"
1396,"sp190"
1670641,"sp191"
137993,"sp192"
77523,"sp193"
1418,"sp194"
1405,"sp195"
363872,"sp196"
1423,"sp197"
1428,"sp198"
582418,"sp199"
492670,"sp200"
1433543,"sp304"
1652104,"sp664"
2021314,"sp667"
255247,"sp668"
225985,"sp669"
2715437,"sp670"
1221500,"sp671"
674972,"sp1015"
1522315,"sp1089"
2756,"sp287"
1639,"sp946"
1393,"sp276"
54913,"sp277"
1465,"sp278"
2507935,"sp480"
2086470,"sp968"
36848,"sp1116"
684063,"sp1118"
320909,"sp1119"
170367,"sp1120"
253703,"sp1121"
1682150,"sp1122"
1045775,"sp1123"
103815,"sp1124"
450362,"sp1125"
414771,"sp1126"
494026,"sp1127"
61624,"sp1128"
200132,"sp1129"
189426,"sp1130"
1761741,"sp1131"
1406,"sp1132"
2509456,"sp1133"
1778678,"sp1134"
1837343,"sp1135"
365617,"sp1136"
2054424,"sp1137"
1870819,"sp1138"
2211212,"sp1139"
324057,"sp1140"
2487928,"sp1141"
2069255,"sp1142"
225915,"sp1143"
1462996,"sp1144"
377615,"sp1608"
1750719,"sp815"
930138,"sp61"
1849491,"sp182"
198483,"sp953"
69969,"sp954"
69967,"sp955"
198484,"sp956"
1232430,"sp1083"
407035,"sp1405"
868281,"sp1406"
1280,"sp1487"
29388,"sp1488"
46126,"sp1489"
53344,"sp1490"
1282,"sp1491"
246432,"sp1492"
46127,"sp1493"
1283,"sp1494"
1290,"sp1495"
33028,"sp1496"
29385,"sp1497"
1286,"sp1498"
1715860,"sp1499"
1292,"sp1500"
1288,"sp1501"
1544746,"sp234"
1553429,"sp504"
37482,"sp818"
1471761,"sp1085"
1440630,"sp1228"
766136,"sp535"
1390249,"sp536"
502393,"sp706"
1379,"sp707"
29391,"sp708"
84135,"sp709"
1347788,"sp717"
46125,"sp1"
87541,"sp39"
51665,"sp40"
1323230,"sp41"
1377,"sp42"
178214,"sp648"
137730,"sp649"
82347,"sp650"
13076,"sp721"
136093,"sp722"
166939,"sp96"
136492,"sp175"
180295,"sp177"
2748,"sp358"
2751,"sp359"
29394,"sp548"
46124,"sp731"
137732,"sp732"
549685,"sp240"
57732,"sp592"
33945,"sp593"
317010,"sp594"
37734,"sp595"
44008,"sp596"
44009,"sp597"
53345,"sp598"
1351,"sp599"
1352,"sp600"
1353,"sp601"
160453,"sp602"
1354,"sp603"
53346,"sp604"
160454,"sp605"
44007,"sp606"
150033,"sp607"
41997,"sp608"
2060307,"sp609"
2420313,"sp610"
2582830,"sp611"
417368,"sp612"
51669,"sp1596"
1590,"sp844"
1579,"sp845"
1601,"sp846"
105612,"sp847"
1602,"sp848"
1604,"sp849"
227943,"sp850"
307126,"sp851"
1303590,"sp852"
943673,"sp853"
1581,"sp854"
1582,"sp855"
181675,"sp856"
1819254,"sp857"
47770,"sp858"
28038,"sp859"
1584,"sp860"
420645,"sp861"
762833,"sp862"
1612,"sp863"
104955,"sp864"
52242,"sp865"
1596,"sp866"
227942,"sp867"
60519,"sp868"
304207,"sp869"
396716,"sp870"
1587,"sp871"
1203033,"sp872"
147802,"sp873"
151781,"sp874"
109790,"sp875"
33959,"sp876"
528209,"sp877"
97478,"sp879"
1622,"sp880"
944671,"sp881"
1632,"sp883"
47493,"sp884"
171523,"sp885"
152331,"sp886"
1597,"sp887"
60520,"sp888"
35787,"sp889"
1123687,"sp890"
116089,"sp891"
1598,"sp892"
47715,"sp893"
706562,"sp894"
1623,"sp895"
1599,"sp896"
1624,"sp897"
348151,"sp898"
238012,"sp899"
227945,"sp900"
1633,"sp901"
194326,"sp902"
2304606,"sp903"
1613,"sp943"
1618,"sp878"
303241,"sp882"
82688,"sp944"
238015,"sp945"
1254,"sp1175"
187452,"sp1176"
51663,"sp1177"
1255,"sp1178"
1252,"sp929"
33964,"sp930"
255248,"sp931"
1244,"sp932"
178001,"sp933"
136609,"sp934"
1246,"sp935"
1245,"sp936"
33968,"sp937"
979982,"sp938"
137591,"sp1647"
1583,"sp1648"
1631871,"sp1649"
1249,"sp1650"
1629,"sp1651"
1281486,"sp904"
1363,"sp905"
2568007,"sp906"
1358,"sp907"
1494461,"sp908"
1364,"sp909"
1365,"sp910"
1366,"sp911"
2419773,"sp912"
1311,"sp1505"
29389,"sp1506"
1328,"sp1507"
113107,"sp1508"
76860,"sp1509"
45634,"sp1510"
1080072,"sp1511"
1317,"sp1512"
1334,"sp1513"
1336,"sp1514"
1335,"sp1515"
315405,"sp1516"
1302,"sp1517"
1433513,"sp1518"
1888195,"sp1519"
102684,"sp1520"
68892,"sp1521"
1346,"sp1522"
1338,"sp1523"
2382163,"sp1524"
150055,"sp1525"
59310,"sp1526"
33040,"sp1527"
28037,"sp1528"
1309,"sp1529"
1303,"sp1530"
1318,"sp1531"
1348,"sp1532"
197614,"sp1533"
2490633,"sp1534"
1313,"sp1535"
257758,"sp1536"
1314,"sp1537"
1304,"sp1538"
1349416,"sp1539"
1305,"sp1540"
176090,"sp1541"
1310,"sp1542"
1759399,"sp1543"
1839799,"sp1544"
2420308,"sp1545"
2420310,"sp1546"
1156431,"sp1547"
1156433,"sp1548"
2610896,"sp1549"
1902136,"sp1550"
712633,"sp1551"
1307,"sp1552"
1308,"sp1553"
1111760,"sp1554"
1071886,"sp1555"
1349,"sp1556"
1343,"sp1557"
78535,"sp1558"
699281,"sp305"
937334,"sp306"
1170224,"sp307"
270498,"sp361"
1805714,"sp380"
626937,"sp381"
2086585,"sp382"
1816678,"sp383"
1482730,"sp88"
208226,"sp89"
1454184,"sp90"
461876,"sp91"
426129,"sp92"
1585974,"sp241"
745119,"sp273"
1548890,"sp274"
1712515,"sp289"
501571,"sp290"
515264,"sp309"
568790,"sp310"
95159,"sp311"
29344,"sp312"
33957,"sp313"
1147123,"sp314"
2576307,"sp315"
116090,"sp316"
1323370,"sp317"
166485,"sp320"
76489,"sp405"
1488,"sp406"
1472040,"sp407"
1121298,"sp408"
29341,"sp409"
84023,"sp410"
1561,"sp411"
1520,"sp412"
1216932,"sp413"
1491,"sp414"
1492,"sp415"
1529,"sp416"
349931,"sp417"
29356,"sp418"
46867,"sp419"
1494,"sp420"
179628,"sp421"
29357,"sp422"
1495,"sp423"
84024,"sp424"
332101,"sp425"
238834,"sp426"
1497,"sp427"
84698,"sp428"
40575,"sp429"
349933,"sp430"
182773,"sp431"
1414721,"sp432"
1534,"sp433"
1538,"sp434"
1691940,"sp435"
1539,"sp436"
35785,"sp437"
1958780,"sp438"
39489,"sp439"
1542,"sp440"
1543,"sp441"
1849278,"sp442"
29363,"sp443"
46609,"sp444"
1501,"sp445"
1502,"sp446"
1325933,"sp447"
1054297,"sp448"
99675,"sp449"
36850,"sp450"
169679,"sp451"
36745,"sp452"
29369,"sp453"
84031,"sp454"
1414720,"sp455"
1504,"sp456"
2212991,"sp457"
755731,"sp458"
2320868,"sp459"
2483110,"sp460"
2507159,"sp461"
2068654,"sp462"
1042156,"sp463"
1509,"sp464"
1550,"sp465"
318464,"sp466"
394958,"sp467"
39493,"sp468"
420412,"sp469"
1559,"sp470"
1513,"sp471"
29372,"sp472"
150336,"sp473"
219748,"sp474"
1267,"sp475"
52704,"sp476"
2599308,"sp502"
1650662,"sp520"
433279,"sp659"
655338,"sp666"
1424294,"sp719"
390806,"sp720"
1096246,"sp774"
154046,"sp775"
384636,"sp776"
341220,"sp913"
288966,"sp951"
2018667,"sp972"
1871024,"sp1031"
89959,"sp1057"
36849,"sp1117"
398199,"sp1302"
979619,"sp1404"
520762,"sp1614"
937251,"sp1653"
65403,"sp24"
1537567,"sp685"
76009,"sp686"
1008308,"sp687"
228924,"sp734"
1870997,"sp100"
433296,"sp103"
2507160,"sp104"
109327,"sp160"
938278,"sp360"
1776384,"sp572"
1852367,"sp781"
114527,"sp1024"
114528,"sp1025"
86332,"sp1026"
35519,"sp1027"
86333,"sp1028"
35517,"sp1677"
56774,"sp1679"
76124,"sp1680"
35518,"sp1681"
51123,"sp1683"
143393,"sp1685"
879970,"sp514"
52689,"sp8"
52690,"sp9"
52691,"sp10"
52692,"sp11"
52693,"sp12"
132932,"sp13"
52694,"sp14"
33952,"sp15"
235931,"sp76"
645887,"sp77"
214853,"sp135"
1528,"sp632"
53442,"sp633"
290054,"sp634"
1736,"sp635"
2041044,"sp636"
1732,"sp637"
39490,"sp638"
42322,"sp639"
39495,"sp640"
39496,"sp641"
39497,"sp642"
29322,"sp1678"
1871029,"sp785"
1796619,"sp788"
113287,"sp1318"
1715347,"sp1335"
342666,"sp730"
28064,"sp750"
35701,"sp751"
35700,"sp752"
121726,"sp753"
1297424,"sp107"
1337094,"sp619"
236753,"sp662"
29353,"sp767"
320502,"sp768"
35830,"sp769"
288965,"sp770"
1677857,"sp771"
253314,"sp772"
1515,"sp773"
884684,"sp957"
35825,"sp1308"
84032,"sp1311"
29355,"sp1383"
1521,"sp1384"
48256,"sp1385"
1499,"sp1386"
29362,"sp1387"
396504,"sp1388"
319644,"sp1399"
659425,"sp1609"
1510,"sp1610"
1834198,"sp766"
1675854,"sp3"
1712665,"sp44"
1619234,"sp110"
39488,"sp112"
1527,"sp129"
433286,"sp130"
259063,"sp131"
100134,"sp132"
264463,"sp145"
645466,"sp147"
105841,"sp148"
649756,"sp149"
1229621,"sp150"
433293,"sp151"
433287,"sp152"
2358141,"sp153"
160404,"sp154"
36847,"sp155"
28446,"sp156"
1745713,"sp235"
1796615,"sp247"
1532,"sp248"
871665,"sp249"
536633,"sp250"
1322,"sp251"
2025493,"sp252"
53443,"sp253"
89014,"sp254"
1917868,"sp255"
40520,"sp256"
33035,"sp257"
180164,"sp258"
1912897,"sp259"
2479767,"sp260"
1796616,"sp261"
871664,"sp262"
418240,"sp263"
45851,"sp297"
831,"sp298"
185008,"sp299"
43305,"sp300"
915180,"sp302"
43997,"sp364"
29360,"sp369"
425254,"sp370"
2497860,"sp371"
116085,"sp495"
410072,"sp496"
33043,"sp497"
1796618,"sp508"
39486,"sp552"
88431,"sp553"
1720294,"sp566"
1432052,"sp567"
358742,"sp586"
333367,"sp587"
208479,"sp588"
358743,"sp589"
1531,"sp590"
460384,"sp591"
1796622,"sp644"
39482,"sp652"
290055,"sp653"
1544,"sp654"
1912855,"sp657"
1796636,"sp682"
1150298,"sp688"
1679721,"sp755"
180286,"sp756"
180311,"sp757"
43995,"sp790"
1469948,"sp798"
2490855,"sp819"
979627,"sp820"
467210,"sp821"
617123,"sp822"
140626,"sp823"
1917870,"sp824"
1871021,"sp825"
66219,"sp826"
1834196,"sp827"
1526,"sp1657"
99656,"sp1662"
89153,"sp1663"
81424,"sp1665"
29364,"sp1668"
37658,"sp1669"
29347,"sp1671"
1512,"sp1673"
39485,"sp828"
28051,"sp829"
28052,"sp830"
1763509,"sp835"
36832,"sp836"
94868,"sp837"
253257,"sp838"
29354,"sp839"
69825,"sp840"
84030,"sp841"
29370,"sp842"
29375,"sp843"
168384,"sp979"
342942,"sp984"
592978,"sp1688"
33038,"sp1689"
46228,"sp1690"
33039,"sp1691"
1653435,"sp997"
1329262,"sp1022"
1462919,"sp1023"
371674,"sp1033"
1796634,"sp1040"
1337051,"sp1041"
1501332,"sp1105"
1501329,"sp1106"
237576,"sp1107"
115544,"sp1164"
46206,"sp1309"
185007,"sp1310"
180332,"sp1372"
301302,"sp1376"
301301,"sp1377"
166486,"sp1378"
360807,"sp1379"
1653434,"sp1425"
177972,"sp1440"
100133,"sp1483"
796942,"sp1504"
84037,"sp1578"
29361,"sp1628"
36835,"sp1660"
2109690,"sp831"
2109691,"sp832"
2594789,"sp833"
712991,"sp834"
39491,"sp1682"
2093857,"sp562"
1263547,"sp1111"
2109687,"sp1112"
351091,"sp1113"
238083,"sp506"
55583,"sp515"
1131462,"sp516"
1147129,"sp517"
51515,"sp518"
341036,"sp521"
102134,"sp522"
142877,"sp523"
83661,"sp524"
79209,"sp525"
1565,"sp526"
2741,"sp1191"
1643805,"sp1192"
278994,"sp1604"
1761012,"sp1190"
1482736,"sp6"
29359,"sp171"
1496,"sp404"
1871336,"sp503"
143361,"sp672"
29374,"sp673"
261299,"sp786"
1505,"sp1145"
1737,"sp1686"
89152,"sp1186"
796937,"sp1187"
39498,"sp1687"
1731,"sp1188"
1557,"sp1189"
1261,"sp1211"
341694,"sp1212"
1115758,"sp1373"
1537,"sp1374"
1776391,"sp1375"
1301100,"sp1661"
286803,"sp1480"
655607,"sp1586"
36841,"sp1593"
1541,"sp1594"
1460447,"sp1595"
2081703,"sp1210"
29346,"sp1667"
42448,"sp111"
1260629,"sp1305"
258515,"sp4"
290052,"sp5"
1796620,"sp37"
1628085,"sp45"
39484,"sp46"
52786,"sp133"
52787,"sp134"
1673717,"sp137"
169435,"sp157"
1720200,"sp158"
642589,"sp352"
2507162,"sp353"
1632013,"sp554"
253239,"sp631"
853,"sp651"
292800,"sp677"
1650663,"sp680"
745368,"sp713"
1849041,"sp747"
474960,"sp779"
1871035,"sp1060"
1776382,"sp1062"
2038680,"sp1148"
100176,"sp1150"
1841867,"sp1227"
106588,"sp1312"
1870988,"sp1313"
1264,"sp1390"
1160721,"sp1391"
40518,"sp1392"
40519,"sp1393"
1161942,"sp1394"
1265,"sp1395"
438033,"sp1396"
2564099,"sp1397"
1550024,"sp1398"
44749,"sp1482"
214851,"sp1559"
2164149,"sp1587"
1572656,"sp1389"
29343,"sp1658"
1535,"sp1664"
84026,"sp1666"
47246,"sp1675"
39492,"sp1684"
2082,"sp1579"
2173034,"sp1213"
1185412,"sp1633"
1348613,"sp1634"
1870986,"sp483"
938288,"sp663"
1417852,"sp678"
2610895,"sp679"
404403,"sp765"
1297617,"sp787"
938289,"sp939"
2086584,"sp982"
1981510,"sp1029"
682400,"sp1056"
415015,"sp1301"
1898207,"sp402"
2109688,"sp403"
384638,"sp1656"
42422,"sp744"
47490,"sp1605"
28896,"sp1606"
1517,"sp1607"
252966,"sp963"
39494,"sp2"
174709,"sp95"
31971,"sp102"
1754012,"sp284"
265178,"sp285"
118748,"sp288"
100886,"sp362"
700500,"sp363"
100884,"sp493"
1034346,"sp547"
1547,"sp620"
69824,"sp1659"
341225,"sp1670"
29348,"sp1672"
225084,"sp621"
1514105,"sp622"
2485784,"sp623"
1648,"sp624"
38402,"sp625"
915173,"sp655"
1323,"sp656"
39483,"sp658"
1735,"sp762"
61171,"sp763"
1468449,"sp764"
1796628,"sp947"
2584943,"sp948"
1796635,"sp949"
1776392,"sp980"
102148,"sp1451"
1903263,"sp1621"
154288,"sp1625"
1712675,"sp1626"
2109692,"sp626"
1834207,"sp627"
905,"sp25"
187327,"sp26"
33025,"sp1214"
626940,"sp1215"
40841,"sp1561"
78120,"sp1562"
82374,"sp159"
437897,"sp985"
158847,"sp986"
491921,"sp987"
187979,"sp1020"
52226,"sp1021"
865,"sp1171"
349096,"sp1172"
1002795,"sp1173"
433321,"sp1298"
86958,"sp1299"
55507,"sp1411"
416586,"sp1416"
135082,"sp1417"
86957,"sp1418"
135083,"sp1419"
971,"sp1420"
713030,"sp1421"
712538,"sp1422"
1884263,"sp1423"
69823,"sp1424"
82375,"sp143"
1794912,"sp146"
1930071,"sp1011"
365349,"sp1184"
380084,"sp1185"
209080,"sp1300"
112901,"sp1485"
47679,"sp1486"
209880,"sp94"
156456,"sp136"
1852378,"sp301"
1852379,"sp482"
2582419,"sp540"
218538,"sp541"
2161821,"sp542"
309120,"sp543"
39950,"sp544"
308994,"sp545"
487173,"sp546"
907,"sp988"
1675036,"sp989"
879612,"sp990"
1232428,"sp991"
187326,"sp992"
349095,"sp993"
2144175,"sp994"
349094,"sp995"
1702287,"sp1061"
39777,"sp1637"
419208,"sp1638"
39778,"sp1639"
29466,"sp1640"
103892,"sp1641"
248315,"sp1642"
1110546,"sp1643"
1556,"sp728"
1503,"sp729"
361500,"sp114"
33029,"sp115"
1673719,"sp116"
33032,"sp117"
1870984,"sp118"
411577,"sp119"
1755241,"sp120"
1287640,"sp121"
54007,"sp122"
33034,"sp123"
1720199,"sp124"
1288120,"sp125"
33036,"sp126"
1745712,"sp127"
33037,"sp128"
1120994,"sp144"
1260,"sp674"
241555,"sp749"
1673723,"sp1036"
1852373,"sp1037"
33033,"sp1169"
1258,"sp1193"
1660341,"sp1194"
755172,"sp1195"
507750,"sp1196"
411567,"sp1197"
1465756,"sp1198"
54005,"sp1199"
54006,"sp1200"
507751,"sp1201"
33031,"sp1202"
1673725,"sp1203"
907224,"sp1204"
1354300,"sp1205"
1472765,"sp1206"
1720298,"sp1207"
1436965,"sp1208"
755171,"sp1209"
1582259,"sp733"
1278232,"sp793"
253256,"sp1450"
165813,"sp1481"
285106,"sp1588"
1123352,"sp1589"
43143,"sp1617"
2507161,"sp1618"
1870994,"sp1632"
45497,"sp1674"
332095,"sp537"
46507,"sp645"
1852374,"sp646"
1464038,"sp647"
1686287,"sp791"
1472764,"sp792"
913099,"sp1412"
178338,"sp1413"
29345,"sp1414"
130788,"sp1415"
1082276,"sp778"
1871025,"sp1059"
29552,"sp17"
61635,"sp18"
2150,"sp19"
264637,"sp20"
264638,"sp21"
38986,"sp22"
69473,"sp23"
2087,"sp139"
2088,"sp140"
2089,"sp141"
2153,"sp173"
74700,"sp615"
209274,"sp616"
214888,"sp617"
81459,"sp618"
216874,"sp998"
138853,"sp999"
216931,"sp1457"
2137,"sp1458"
1114980,"sp1459"
362837,"sp1460"
216932,"sp1461"
216933,"sp1462"
2133,"sp1463"
2139,"sp1464"
216936,"sp1465"
315358,"sp1466"
216939,"sp1467"
216940,"sp1468"
216941,"sp1469"
334122,"sp1470"
216942,"sp1471"
2144,"sp1472"
313382,"sp1473"
47835,"sp1474"
216944,"sp1475"
1914410,"sp1476"
1898044,"sp1477"
216945,"sp1478"
216947,"sp1479"
78580,"sp1042"
273136,"sp1043"
2095,"sp1044"
92401,"sp1045"
2096,"sp1046"
2098,"sp1047"
2102,"sp1048"
2121,"sp1049"
142651,"sp1050"
2122,"sp1051"
2104,"sp1052"
2123,"sp1053"
2124,"sp1054"
51365,"sp1055"
134821,"sp1630"
1541959,"sp330"
1911684,"sp1584"
1911683,"sp1585"
248039,"sp1035"
423605,"sp571"
180163,"sp377"
188913,"sp378"
285729,"sp689"
134605,"sp690"
1755100,"sp691"
849,"sp692"
850,"sp693"
859,"sp694"
851,"sp695"
852,"sp696"
860,"sp697"
861,"sp698"
856,"sp699"
167643,"sp782"
157688,"sp925"
554406,"sp926"
712357,"sp927"
157687,"sp928"
187101,"sp1445"
40543,"sp1446"
1217274,"sp174"
1125965,"sp280"
370977,"sp281"
1904756,"sp282"
2579977,"sp283"
69395,"sp365"
69666,"sp366"
2010972,"sp367"
366602,"sp368"
1298959,"sp1216"
1629334,"sp303"
1509244,"sp336"
91604,"sp337"
1550907,"sp794"
454162,"sp795"
1549748,"sp796"
1938558,"sp797"
1005925,"sp812"
288022,"sp813"
491923,"sp1170"
1776957,"sp178"
1541956,"sp179"
1701758,"sp180"
1508388,"sp789"
1486262,"sp975"
1647649,"sp976"
293089,"sp977"
1647648,"sp978"
1686310,"sp238"
1403274,"sp242"
231434,"sp243"
663610,"sp1007"
1036780,"sp264"
1792307,"sp265"
244734,"sp266"
1325090,"sp267"
1325095,"sp268"
441950,"sp269"
280333,"sp270"
376,"sp271"
2057741,"sp272"
912,"sp1072"
913,"sp1073"
1076,"sp1361"
439612,"sp513"
529,"sp1092"
215590,"sp1093"
665038,"sp275"
1162980,"sp478"
655353,"sp479"
443610,"sp538"
1335967,"sp539"
53400,"sp780"
454601,"sp973"
2029865,"sp1180"
1069,"sp1360"
2528642,"sp942"
1479019,"sp1005"
2067957,"sp1006"
200476,"sp1012"
223967,"sp1013"
420324,"sp1017"
1854496,"sp1018"
1634917,"sp1590"
64973,"sp1591"
2560057,"sp1592"
1876515,"sp1084"
453840,"sp63"
469547,"sp165"
266779,"sp379"
369795,"sp759"
244596,"sp760"
1620421,"sp761"
1215923,"sp922"
39645,"sp1000"
2493668,"sp1001"
1502156,"sp1615"
160699,"sp49"
28099,"sp50"
358,"sp51"
1969821,"sp384"
2341112,"sp718"
34020,"sp331"
309868,"sp332"
34021,"sp333"
556287,"sp334"
1273132,"sp941"
1825976,"sp1069"
2060726,"sp1070"
2037914,"sp1163"
1820009,"sp1336"
879568,"sp1337"
393664,"sp1338"
29449,"sp1339"
1335061,"sp1340"
735519,"sp1341"
384,"sp1342"
1214924,"sp1343"
1138194,"sp1344"
515361,"sp1345"
396,"sp1346"
1312132,"sp1347"
379684,"sp1348"
451876,"sp1349"
424798,"sp1350"
2020312,"sp1351"
1435607,"sp1352"
1125847,"sp1353"
1981173,"sp1354"
2603277,"sp1355"
1387186,"sp1356"
1905846,"sp1357"
659017,"sp1435"
544480,"sp1436"
879274,"sp1437"
415996,"sp1438"
352475,"sp1439"
501572,"sp1441"
1842534,"sp1442"
34017,"sp1359"
2026785,"sp1358"
1473586,"sp1380"
298598,"sp816"
376174,"sp817"
665467,"sp239"
1482074,"sp748"
1384459,"sp1008"
2170729,"sp1009"
1177755,"sp1010"
287478,"sp754"
2724,"sp758"
76980,"sp52"
1514904,"sp53"
285279,"sp1319"
258256,"sp1320"
1647556,"sp1321"
1807766,"sp1322"
538381,"sp1502"
65959,"sp7"
2478912,"sp492"
89018,"sp1096"
268410,"sp1364"
94,"sp1503"
1264899,"sp1654"
1461337,"sp43"
1867774,"sp62"
192,"sp183"
1233114,"sp184"
193,"sp185"
652764,"sp186"
664962,"sp187"
528244,"sp188"
578943,"sp549"
940149,"sp550"
600628,"sp551"
2022747,"sp570"
1549855,"sp735"
2500179,"sp777"
2220096,"sp783"
80876,"sp784"
1288970,"sp958"
549691,"sp959"
1437059,"sp960"
1663591,"sp961"
28181,"sp962"
1766165,"sp967"
28077,"sp1074"
765888,"sp1075"
1612173,"sp1076"
1233113,"sp1077"
34011,"sp1078"
189,"sp1086"
34018,"sp1362"
1085,"sp1363"
1293890,"sp1597"
1891279,"sp1598"
2048283,"sp1599"
732237,"sp1600"
502049,"sp1601"
220697,"sp1602"
478503,"sp1603"
657419,"sp1619"
171437,"sp1620"
445220,"sp1333"
1230389,"sp1334"
234827,"sp335"
752179,"sp1091"
787,"sp1365"
33990,"sp1366"
35790,"sp1367"
349750,"sp1447"
1418234,"sp1448"
418853,"sp1449"
2571749,"sp1087"
48936,"sp1088"
420994,"sp1454"
563996,"sp1455"
745310,"sp1456"
349221,"sp1014"
80877,"sp166"
576610,"sp1234"
391358,"sp308"
1194168,"sp489"
225992,"sp490"
285,"sp491"
502333,"sp1325"
847,"sp1114"
933080,"sp1115"
1852381,"sp556"
487175,"sp1165"
626947,"sp1166"
2584944,"sp1567"
1816689,"sp1568"
2494234,"sp1569"
437898,"sp1570"
234908,"sp1571"
1907660,"sp1572"
40545,"sp1573"
1296669,"sp164"
539,"sp565"
267212,"sp1063"
495,"sp1064"
496,"sp1065"
488,"sp1066"
33053,"sp1067"
28449,"sp1068"
876,"sp527"
44742,"sp528"
29505,"sp529"
32016,"sp530"
901,"sp531"
54565,"sp532"
631220,"sp533"
881,"sp534"
29546,"sp918"
1903261,"sp964"
351604,"sp714"
28197,"sp167"
28198,"sp168"
195,"sp321"
199,"sp322"
824,"sp323"
76517,"sp324"
197,"sp325"
201,"sp326"
203,"sp327"
204,"sp328"
827,"sp329"
13335,"sp108"
179995,"sp109"
626938,"sp1560"
83771,"sp1563"
2718,"sp356"
194702,"sp357"
35703,"sp386"
57706,"sp387"
67824,"sp388"
546,"sp389"
2066049,"sp390"
2077148,"sp391"
2077149,"sp392"
545,"sp393"
1563222,"sp394"
1639133,"sp395"
2566012,"sp396"
1702170,"sp397"
67827,"sp398"
133448,"sp399"
61645,"sp575"
881260,"sp576"
69218,"sp577"
550,"sp578"
2027919,"sp579"
158836,"sp580"
208224,"sp581"
299767,"sp582"
2478464,"sp583"
1812935,"sp584"
208962,"sp628"
562,"sp629"
564,"sp630"
548,"sp800"
1134687,"sp801"
571,"sp802"
573,"sp803"
1463165,"sp804"
2488567,"sp805"
1905288,"sp806"
2267618,"sp807"
244366,"sp808"
51288,"sp809"
580,"sp810"
61648,"sp811"
2492396,"sp814"
83655,"sp919"
61646,"sp920"
2153385,"sp921"
1334193,"sp1676"
1259973,"sp1326"
54291,"sp1327"
575,"sp1328"
2583577,"sp1329"
54736,"sp1407"
28901,"sp1408"
621,"sp1431"
622,"sp1432"
623,"sp1433"
624,"sp1434"
693444,"sp585"
549,"sp1149"
569,"sp742"
546367,"sp743"
82983,"sp1090"
582,"sp1032"
584,"sp1306"
587,"sp1307"
1905730,"sp1174"
1805933,"sp1324"
615,"sp1429"
2420306,"sp1430"
732,"sp47"
739,"sp48"
726,"sp736"
727,"sp737"
735,"sp738"
729,"sp739"
249188,"sp740"
1078480,"sp741"
40214,"sp27"
2213226,"sp614"
287,"sp1315"
2070539,"sp705"
1131703,"sp1452"
1131707,"sp1453"
158,"sp1622"
221027,"sp1623"
167,"sp1624"
508460,"sp400"
1197717,"sp401"
651822,"sp681"
638849,"sp1323"
434126,"sp1332"
471825,"sp746"
